time,author,text,is_retweet,retweet_count,favorite_count
2021-10-20 22:29:25+00:00,LevX DAO,#OH_GEEZ https://t.co/GxV8XW8Bfk,False,151,324
2021-10-20 22:33:42+00:00,LevX DAO,@maid_coin is feeling it https://t.co/tYzQmdafuq,False,3,18
2021-10-20 22:43:04+00:00,LevX DAO,https://t.co/bT1bZlidsd,False,93,191
2021-10-21 09:18:04+00:00,LevX DAO,Did you get it? https://t.co/4J8HU4j8Nd,False,65,124
2021-10-21 13:40:03+00:00,LevX DAO,@MybusinessI @LevxApp Fix the link first,False,0,2
2021-10-21 15:51:43+00:00,LevX DAO,"Welcome to LevX DAO!
Only morons &amp; dumbasses are allowed to enter this shitty and disgusting place so called #DAO 0.111!
#OH_GEEZ 

https://t.co/s8KzYFWWyz",False,218,389
2021-10-21 19:59:13+00:00,LevX DAO,"â³LAST CHANCE TO BE AN OG
After Nov. 1st, no new Mortys will be added to #OH_GEEZ role in the discord. 

Perks for OGs:
- Experience @LevxApp dictatorship
- Some loud &amp; annoying Mortys
- Access to shitty NFTs
- Higher ranked in LEVX airdrop â­ https://t.co/2vfD8nh0bC",True,116,191
2021-10-22 09:04:23+00:00,LevX DAO,RT @banklessDAO: What the hell is @LevXDAOhGeez and who the hell is @LevxApp. https://t.co/dyRcdiiFgj,True,59,0
2021-10-22 09:33:04+00:00,LevX DAO,ğŸ¤£ https://t.co/YoMwThgBaT,False,82,194
2021-10-22 14:45:02+00:00,LevX DAO,Feeling lucky ğŸ° https://t.co/mwuiqxB8cz,False,100,246
2021-10-22 16:50:18+00:00,LevX DAO,@SemyonWilliams1 What's this app?,False,0,1
2021-10-22 17:28:37+00:00,LevX DAO,RT @SharkpunksNFT: 333 Genesis Piece Airdrop in the Next Week ğŸ¦ˆğŸŒˆğŸ¤– https://t.co/OT90SjlIvw,False,106,0
2021-10-23 18:25:51+00:00,LevX DAO,"RT @OhGeez007: Give @SHOYU_NFT a follow on @tiktok_us. We need to follow them everywhere! @SushiIntern @LevxApp @SushiSwap 

https://t.co/iâ€¦",False,26,0
2021-10-23 19:19:19+00:00,LevX DAO,RT @MaddogLink: 400 holders #OH_GEEZ. https://t.co/dlkvf9Gcb2,False,26,0
2021-10-24 03:20:37+00:00,LevX DAO,@SharkpunksNFT website ready to open ğŸ¦ˆğŸŒˆğŸ¤– https://t.co/S3yvNYlc5o,False,74,156
2021-10-24 03:43:29+00:00,LevX DAO,"RT @SharkpunksNFT: Follow @LevXDAOhGeez &amp; join #sharkpunks channel in LevX DAO discord
ğŸ‘‡
https://t.co/1EHkelW7y3",False,328,0
2021-10-24 04:32:43+00:00,LevX DAO,"RT @LevxApp: 333 OGs of LevX DAO, last time I requested you to fill in the form but only 169 did it correctly. Oh geez..
If you want to recâ€¦",False,89,0
2021-10-24 06:32:08+00:00,LevX DAO,Worthless.. https://t.co/HjsJQEKDbL,False,49,100
2021-10-24 06:39:28+00:00,LevX DAO,https://t.co/JjNfAsLIT2,False,44,115
2021-10-24 06:42:38+00:00,LevX DAO,https://t.co/0FYF0rRUvS,False,35,75
2021-10-24 16:08:29+00:00,LevX DAO,RT @testnettester: @LevxApp Cancel the damn show forever,False,21,0
2021-10-24 16:58:39+00:00,LevX DAO,Join me in my Space! https://t.co/JjNfAsLIT2,False,28,57
2021-10-25 06:32:00+00:00,LevX DAO,#WUBBA_LUBBA_DUB_DUB https://t.co/uADn6HNl9b,False,47,105
2021-10-25 12:17:36+00:00,LevX DAO,RT @JuWizd: Are you a Time Traveler?,False,35,0
2021-10-26 04:08:06+00:00,LevX DAO,https://t.co/wz1OA0ntZo,False,50,126
2021-10-26 05:06:23+00:00,LevX DAO,"LevX DAO is giving away 3k LEVX token for 10k discord members.

How to joinâ“
âœ… Follow @LevXDAOhGeez 
âœ… RT+like this
âœ… Comment 3 friends (âš ï¸they must be following you)
âœ… Join discord https://t.co/Be8naTrjqC
âœ… Fill in this form: https://t.co/v9ZXVv7TFC",True,2284,3290
2021-10-26 07:23:46+00:00,LevX DAO,@Emalio_10 @bryansol_10 @SundayOsunleke You cheated,False,0,2
2021-10-26 08:24:28+00:00,LevX DAO,"RT @Trudahamzik: To all morons who missed The LevX Show #0, self proclaimed Morty #69 has some notes for you:

- Who and what TF is @LevxApâ€¦",False,61,0
2021-10-26 08:37:01+00:00,LevX DAO,"The ultimate guide to roles in LevX DAO: Oh-Geez Era
  - by @BloobedAtYou 

https://t.co/HJBZPa9Pze",False,62,126
2021-10-27 06:39:12+00:00,LevX DAO,"RT @LevXDAOhGeez: LevX DAO is giving away 3k LEVX token for 10k discord members.

How to joinâ“
âœ… Follow @LevXDAOhGeez 
âœ… RT+like this
âœ… Comâ€¦",True,2284,0
2021-10-27 08:36:07+00:00,LevX DAO,https://t.co/ElCIBZOyFq,False,48,131
2021-10-27 12:09:10+00:00,LevX DAO,"ğŸ§ Plumbus is the most beautiful &amp; useful creation in the universe. We made this into amazing NFTs for 2k discord members. Claim it now!

https://t.co/htV44WGGdv",False,75,195
2021-10-27 15:26:35+00:00,LevX DAO,@Minhduy80 which browser are you using?,False,0,1
2021-10-27 15:26:59+00:00,LevX DAO,@nftsvc Use desktop metamask plz,False,0,2
2021-10-28 03:05:39+00:00,LevX DAO,https://t.co/O1IkRpqWgZ,False,36,109
2021-10-29 01:38:17+00:00,LevX DAO,"RT @SharkpunksNFT: Total supply of #sharkpunks is 69,69",False,32,0
2021-10-29 15:11:48+00:00,LevX DAO,"ğŸ“® First(and probably last) newsletter by @Trudahamzik &amp; @kirbee_21 

PS) If you want to waste your talent making these types of shits, you're always welcomed by the DAO!
PS2) How the hell can I subscribe to this if it's a notion page?!?
PS3 &gt; PS4, agree?

https://t.co/lCxiSeQeON",False,66,122
2021-10-30 01:40:47+00:00,LevX DAO,"Haven't joined our Discord yet?

10,000 people think it's a good ideağŸ˜!! 

We want to thank you each and everyone of you for making the LevX DAO Discord the all that it is â¤

Join us today: https://t.co/s8KzYFWWyz https://t.co/kJ7QAbs9t0 https://t.co/Q9zeBHQyoB",False,85,193
2021-10-30 22:11:57+00:00,LevX DAO,Donâ€™t miss this opportunity to lose brain cells by tuning into the lowest IQ show in crypto! Meanderings by Mortys for Mortys. This week we will be joined by @0x_hiatus to discuss adoption of Olympus Pro Bonds in the $LevX ecosystem. #DAOs https://t.co/3c6YKOHRWo,False,41,98
2021-10-31 01:16:34+00:00,LevX DAO,@Vadim61379559 @LevxApp @MunchkinLFG Idk,False,0,1
2021-10-31 01:54:30+00:00,LevX DAO,"Our mighty comrad chairman @LevxApp is releasing a one of its kind coin @MunchkinLFG. 

Although capitalism has ruined our world but this is perfectly based on communism thus it'll be our only savior. Everyone gets equal amount. No pre-minting, no token sale, yes worship him. https://t.co/jH69ANvkwb",False,39,74
2021-10-31 02:08:05+00:00,LevX DAO,@kyxoan17 @LevxApp Spacibo,False,0,0
2021-10-31 14:38:34+00:00,LevX DAO,RT @LevxApp: LevX DAO Show 2nd Episode in 3 hours.,False,58,0
2021-10-31 14:38:37+00:00,LevX DAO,"RT @LevxApp: $MUN official
ğŸ‘‰ @MunchkinLFG",False,60,0
2021-10-31 14:39:17+00:00,LevX DAO,"RT @LevxApp: $SUSHIB official
ğŸ‘‰ @sushibtoken https://t.co/rV8NTuXTmn",False,81,0
2021-10-31 16:50:21+00:00,LevX DAO,LevX show episode 2 starting in 10 minutes on Twitter spaces! https://t.co/bSIjZyFEa6,False,37,76
2021-10-31 17:00:57+00:00,LevX DAO,Join me in my Space! https://t.co/3c6YKOHRWo,False,28,58
2021-10-31 18:19:03+00:00,LevX DAO,Should we hire @five5brown_eyes as Miss Maidverse for @maid_coin?,False,22,38
2021-10-31 18:31:02+00:00,LevX DAO,Special thanks to hosts @0x0ri0n @testnettester and special guest @0x_hiatus for this incredibly boring offering and to @BitcoinVida for recording it so we can embarrass them for all of eternity! https://t.co/evTuKJO6Cs,False,28,55
2021-10-31 20:33:18+00:00,LevX DAO,"RT @BitcoinVida: LevX Show Episode 2 
@LevXDAOhGeez #OH_GEEZ 

https://t.co/UB1fLuIBqt",False,20,0
2021-10-31 22:02:48+00:00,LevX DAO,2 hours left until the snapshot https://t.co/Mi0z7L0xIA,False,57,119
2021-11-01 00:55:23+00:00,LevX DAO,https://t.co/28kvhpXcxW,False,55,117
2021-11-01 01:31:46+00:00,LevX DAO,"No one knew OH-GEEZ has been listed on @SushiSwap Onsen. We didn't talk with sushi team at all. Why listed this shitty token even without token logo? #OH_GEEZ 

What's more worthless is, its APR is 382%, top 3 out of 300+ farms ğŸ¤ª

Check yourself ğŸ‘‰ https://t.co/RpyFR9ziRT https://t.co/syYjqh5l9p",False,82,167
2021-11-01 07:50:37+00:00,LevX DAO,Official logo of OH-GEEZ token announced: https://t.co/dkI7LQZmHU https://t.co/6ZBqrRaMKv,False,38,87
2021-11-01 12:50:26+00:00,LevX DAO,"ğ—Ÿğ—²ğ˜ƒğ—« ğ——ğ—”ğ—¢ ğ—›ğ—®ğ—¹ğ—¹ğ—¼ğ˜„ğ—²ğ—²ğ—» ğ—¨ğ—½ğ—±ğ—®ğ˜ğ—²
https://t.co/l0vHTLSzQn",False,41,69
2021-11-01 20:17:43+00:00,LevX DAO,https://t.co/7db9pZX3pm,False,48,101
2021-11-02 06:25:36+00:00,LevX DAO,"RT @Sushibtoken: I'm giving away $333 In $SUSHI to a random person!!ğŸ’¯ğŸ‘ğŸ¶

To enter:
ğŸš€Follow @Sushibtoken
â¤RT+Like this
ğŸ™ŒComment 3 friends (tâ€¦",True,343,0
2021-11-03 06:44:37+00:00,LevX DAO,"Our official meme creator &amp; twitcher, @BloobedAtYou, is such an amazingly talented but super-irresponsible Morty https://t.co/aLavJBWkvA",False,43,74
2021-11-03 07:41:40+00:00,LevX DAO,#sharkpunks #sharky_69 @SharkpunksNFT https://t.co/s2R4tsgGXq,False,30,64
2021-11-03 23:35:59+00:00,LevX DAO,"RT @Trudahamzik: Citadel Morning News #2: 

- @LevXDAOhGeez over 9000 members strong
- 1:1 @Sushibtoken airdrop to $SUSHI holders
- @Sharkpâ€¦",False,25,0
2021-11-04 00:43:34+00:00,LevX DAO,#OH_GEEZ 69 in @SHOYU_NFT https://t.co/8nmm3uBrZ4,False,47,101
2021-11-04 08:14:26+00:00,LevX DAO,What a beautiful shark... https://t.co/qJa1y0PnrS,False,35,73
2021-11-04 08:19:48+00:00,LevX DAO,Our mighty dictator @LevxApp is digging the ground by himself. Our duty is just to watch him hardworking. https://t.co/eL3AsviudW,False,48,92
2021-11-04 23:11:11+00:00,LevX DAO,"RT @Sushibtoken: $SUSHIB snapshot in 1 hour! Get your $SUSHI ready in your wallet managed by you.
(NOT IN EXCHANGES OR OTHER NETWORKS THANâ€¦",False,64,0
2021-11-05 04:39:18+00:00,LevX DAO,https://t.co/ExNXTXLRT2,False,54,121
2021-11-07 05:02:43+00:00,LevX DAO,"Join us in 12 hours for the most â€œfinâ€-tastic episode yet. 
 https://t.co/bplGJpK93V",False,33,84
2021-11-07 18:00:26+00:00,LevX DAO,Join me in my Space! Itâ€™s happening!!!! https://t.co/bplGJpK93V,False,25,71
2021-11-09 07:52:00+00:00,"LevX | Kim, Half-Rick",@lazulii_rain Fuck I'm too handsome,False,1,14
2021-11-09 07:52:39+00:00,"LevX | Kim, Half-Rick",RT @lazulii_rain: here's the completed image of senpai Dictator Kim-Jong-UwuuuUuu here to change the crypto space forever. ğŸ‘‰ğŸ‘ˆ #shameless #dâ€¦,False,36,0
2021-11-09 08:27:11+00:00,"LevX | Kim, Half-Rick",@0900mihir Shhhhhh it's a secret,False,1,2
2021-11-09 09:27:27+00:00,"LevX | Kim, Half-Rick",Fuck you @jack,False,23,86
2021-11-09 09:28:04+00:00,"LevX | Kim, Half-Rick","This update is a mess, damn",False,23,57
2021-11-09 09:32:34+00:00,"LevX | Kim, Half-Rick",@GroundFrost @jack Exactly,False,0,1
2021-11-09 09:40:39+00:00,"LevX | Kim, Half-Rick",I will build a fully decentralized social network on @ethereum that'll entirely replace this shitty app @Twitter in 3 years,False,60,187
2021-11-09 09:48:28+00:00,"LevX | Kim, Half-Rick",@DoubleRich100 @ethereum @Twitter North Korea wasn't built in a day,False,0,7
2021-11-09 09:48:43+00:00,"LevX | Kim, Half-Rick",@77Oszn @ethereum @Twitter Be a Morty,False,0,1
2021-11-09 09:49:04+00:00,"LevX | Kim, Half-Rick",@_heiszee @ethereum @Twitter Spread my words to the world,False,0,6
2021-11-09 09:57:14+00:00,"LevX | Kim, Half-Rick","@esifarx Wtf is this
Asshole
Goddamn
@maid_coin 
Is double priced in a few days",False,2,10
2021-11-09 10:04:42+00:00,"LevX | Kim, Half-Rick",@KhalidMAZOUZ6 @Sushibtoken @LevXDAOhGeez @SHOYU_NFT @SushiSwap @SharkpunksNFT @SushiIntern *cumrades,False,1,3
2021-11-09 11:07:20+00:00,"LevX | Kim, Half-Rick","RT @Sushibtoken: $SUSHIB
https://t.co/HXkHUIn39Q",False,22,0
2021-11-09 12:31:51+00:00,"LevX | Kim, Half-Rick",RT @Sushibtoken: https://t.co/zQLZUYkGHA,False,51,0
2021-11-09 19:13:34+00:00,"LevX | Kim, Half-Rick","@evankeast I pronounce it """"
(G from 'gnome' and M from 'mnemonic')",False,1,18
2021-11-10 03:38:17+00:00,"LevX | Kim, Half-Rick",What tf is this? @jack https://t.co/s6Fg4N3SqZ,False,34,92
2021-11-10 08:14:56+00:00,LevX DAO,"Citadel Morning News #3:

- $LEVX soon â‰
- Claim your @Sushibtoken or lose it ğŸ’©
- Beauty art piece by @lazulii_rain ğŸ–¼

.. and more ğŸ‘‡

Subscribe to the newsletter for weekly updates

Read now - https://t.co/xdQRwcn0Pg https://t.co/DIyXPfwi7v",False,54,147
2021-11-10 10:06:00+00:00,"LevX | Kim, Half-Rick","RT @LevXDAOhGeez: Citadel Morning News #3:

- $LEVX soon â‰
- Claim your @Sushibtoken or lose it ğŸ’©
- Beauty art piece by @lazulii_rain ğŸ–¼

..â€¦",False,54,0
2021-11-10 10:26:25+00:00,"LevX | Kim, Half-Rick",@ThanosKro @LevXDAOhGeez @Sushibtoken @lazulii_rain Nothing,False,0,7
2021-11-10 10:47:10+00:00,"LevX | Kim, Half-Rick",#OH_GEEZ by @lazulii_rain https://t.co/A6LpstEM09,False,31,92
2021-11-10 11:47:01+00:00,"LevX | Kim, Half-Rick","Bought 10,644,915,947,123,500,000 $SUSHIB with only 0.01 ETH

https://t.co/hXlO4SzMmT",False,30,97
2021-11-10 12:03:44+00:00,"LevX | Kim, Half-Rick","@pablitoescogod this is why I'm doing it, no one else will buy it now",False,0,1
2021-11-10 12:59:56+00:00,"LevX | Kim, Half-Rick","RT @Sushibtoken: 570,162,356,575,660,000,000 $SUSHIB will be airdropped once the discord reaches 1k:
https://t.co/LvwscPtXwl",False,75,0
2021-11-11 01:36:49+00:00,"LevX | Kim, Half-Rick","I staked all my SUSHI into xSUSHI.

https://t.co/sFfUCWMXyZ https://t.co/YmgWB9p2MD",False,31,102
2021-11-11 12:53:57+00:00,LevX DAO,"LevX Dao Early-Novemberâ€™s Nightmare
https://t.co/eTdV5miIsF",False,29,73
2021-11-11 13:19:07+00:00,"LevX | Kim, Half-Rick",https://t.co/jn6o4zimDj https://t.co/tbeJEbq4Qb,False,19,82
2021-11-11 15:31:41+00:00,"LevX | Kim, Half-Rick",@moonfaker_real No,False,0,0
2021-11-11 15:32:03+00:00,"LevX | Kim, Half-Rick",@chaowai012 Nnnnnnnnnnnnno,False,0,0
2021-11-11 17:25:52+00:00,"LevX | Kim, Half-Rick",@JuWizd @GiancarloChaux @SHOYU_NFT Maybe I should pay him to introduce me,False,1,7
2021-11-11 19:39:36+00:00,"LevX | Kim, Half-Rick","RT @Sushibtoken: 100,000,000,000,000,000,000  $SUSHIB giveaway to a random person in 48 hours. #BARK! #BARK!

ğŸš€Follow @Sushibtoken
â¤RT+Likeâ€¦",False,250,0
2021-11-11 21:40:13+00:00,"LevX | Kim, Half-Rick","OH-GEEZ to LEVX 1:10 Swapper
https://t.co/llW9xEvDq5

IYKYK",False,41,125
2021-11-11 22:34:19+00:00,"LevX | Kim, Half-Rick","From 1 hour ago, you can swap 1 OH-GEEZ to 10 LEVX. If you don't have any, get them here:
https://t.co/N4L9RYECs1 https://t.co/zG9b0OWJBv",False,39,116
2021-11-12 04:24:13+00:00,"LevX | Kim, Half-Rick",I'm tempted to destroy everything and start again from ashes. Don't be too serious. I'm just saying.,False,33,148
2021-11-12 04:53:55+00:00,"LevX | Kim, Half-Rick",@OhGeez007 @FUTURE_FUND_ @SHOYU_NFT I was talking about half of the world.,False,0,5
2021-11-12 05:24:08+00:00,"LevX | Kim, Half-Rick",Which @OlympusDAO fork survived &amp; still competent?,False,30,109
2021-11-12 10:39:05+00:00,"LevX | Kim, Half-Rick","RT @Sushibtoken: xSUSHIB details

(WAN) RATIO
ğŸ¸1 xSUSHI = 1xSUSHIB
ğŸ¸100k MEOW = 1xSUSHIB

(TU) SNAPSHOT
ğŸ£Nov 12th 00:00 UTC

(SURI-) CLAIMâ€¦",False,131,0
2021-11-12 18:28:39+00:00,"LevX | Kim, Half-Rick",I guess @welovegm but not me,False,20,86
2021-11-12 18:36:44+00:00,"LevX | Kim, Half-Rick",@CryptoGhandhi @welovegm I'm a $gth person,False,1,3
2021-11-12 18:37:52+00:00,"LevX | Kim, Half-Rick",@CryptoGhandhi @welovegm North korean otc,False,0,3
2021-11-12 18:39:12+00:00,"LevX | Kim, Half-Rick","go to hell, all of you",False,24,111
2021-11-12 18:39:55+00:00,"LevX | Kim, Half-Rick",@ChefJrRemy Yes u,False,0,5
2021-11-13 02:16:33+00:00,"LevX | Kim, Half-Rick","RT @FUTURE_FUND_: @welovegm is here to redefine the meaning and use case of social meme tokens.

The first project built on @SHOYU_NFT sociâ€¦",False,56,0
2021-11-13 11:16:06+00:00,LevX DAO,RT @BloobedAtYou: nice hare daddee ğŸ˜³ @LevxApp @LevXDAOhGeez https://t.co/ty5UXrdPRA,False,15,0
2021-11-13 12:23:07+00:00,"LevX | Kim, Half-Rick","""GOOD MOOOOOORNING!!!!!!!!!"" instead of gm please https://t.co/Hoojjdin4M",False,29,101
2021-11-13 12:23:47+00:00,"LevX | Kim, Half-Rick",@cryptosaurusats Fuck you!,False,0,6
2021-11-13 13:04:15+00:00,"LevX | Kim, Half-Rick","I listed $LEVX on @SushiSwap with the official logo, a question mark, as always.

PS) I know that you'll only sell in the beginning so I'll lose all my ETH but for the people of the DAO, I can sacrifice this much
PS2) But in the end, I'll be the winner in this game ğŸ˜‚
PS3) sucked https://t.co/UPKShIevTj",True,108,206
2021-11-13 14:08:09+00:00,"LevX | Kim, Half-Rick","Trade here:
https://t.co/2GryQETkJp",False,23,64
2021-11-13 14:16:23+00:00,"LevX | Kim, Half-Rick",I'm $gm Riiiiiick! @welovegm (but not me) https://t.co/swRhq9AdHI,False,56,150
2021-11-14 03:52:10+00:00,"LevX | Kim, Half-Rick","I hate those who hide their intentions and try to manipulate me to their taste. (I tend to act like it's  working as they planned.) Eventually they'll be judged by people. If you think this is somewhat about you, it's about you.",False,32,116
2021-11-14 04:45:03+00:00,"LevX | Kim, Half-Rick","Who's gonna be the legit $gm in the end?
@welovegm vs @gmwagmieth",False,143,710
2021-11-14 05:21:05+00:00,"LevX | Kim, Half-Rick","""This bug can only be exploited by the contract owner and when used, a certain amount of tokens from the balances of all holders are instantly transferred out, causing them to lose their funds.""

@gmwagmieth is a fork of @safemoon 

https://t.co/LgpThhi4uK

(not financial advice) https://t.co/QyLJnmt3M7",False,33,101
2021-11-14 05:22:35+00:00,"LevX | Kim, Half-Rick",https://t.co/UqERUmcDDf,False,20,65
2021-11-14 05:27:23+00:00,"LevX | Kim, Half-Rick",@bitmexican @welovegm @gmwagmieth https://t.co/UqERUmcDDf,False,1,4
2021-11-14 05:27:30+00:00,"LevX | Kim, Half-Rick",@MohammedTwaha7 @welovegm @gmwagmieth https://t.co/UqERUmcDDf,False,1,4
2021-11-14 05:27:35+00:00,"LevX | Kim, Half-Rick",@GooseRamble @welovegm @gmwagmieth https://t.co/UqERUmcDDf,False,2,4
2021-11-14 05:27:42+00:00,"LevX | Kim, Half-Rick",@Seymour60436441 @welovegm @gmwagmieth https://t.co/UqERUmcDDf,False,1,3
2021-11-14 05:27:47+00:00,"LevX | Kim, Half-Rick",@sagewavves @welovegm @gmwagmieth https://t.co/UqERUmcDDf,False,3,5
2021-11-14 05:27:52+00:00,"LevX | Kim, Half-Rick",@UncleBimBim @welovegm @gmwagmieth https://t.co/UqERUmcDDf,False,2,5
2021-11-14 05:27:56+00:00,"LevX | Kim, Half-Rick",@CountofZurich @jslozzy @welovegm @gmwagmieth https://t.co/UqERUmcDDf,False,0,1
2021-11-14 05:38:56+00:00,"LevX | Kim, Half-Rick",@DrBlocky own? @welovegm isn't my project,False,0,2
2021-11-14 05:45:20+00:00,"LevX | Kim, Half-Rick",@ketpahty @gmwagmieth @safemoon don't you even know that code is already open in etherscan for both ones?,False,0,3
2021-11-14 05:46:59+00:00,"LevX | Kim, Half-Rick",@ketpahty @gmwagmieth @safemoon this one? https://t.co/GZZn85WIpR,False,26,70
2021-11-14 05:47:49+00:00,"LevX | Kim, Half-Rick",RT @LevxApp: @ketpahty @gmwagmieth @safemoon this one? https://t.co/GZZn85WIpR,False,26,0
2021-11-14 05:55:02+00:00,"LevX | Kim, Half-Rick","@Targetzsir @ketpahty @gmwagmieth @safemoon We need to trust the devs then. How is it ""trustless""?",False,0,3
2021-11-14 05:56:23+00:00,"LevX | Kim, Half-Rick",@0x0ri0n @ketpahty @gmwagmieth @safemoon $gm,False,0,9
2021-11-14 05:59:47+00:00,"LevX | Kim, Half-Rick","@Targetzsir @ketpahty @gmwagmieth @safemoon They would eventually care, after exploited...",False,0,3
2021-11-14 06:15:07+00:00,"LevX | Kim, Half-Rick","@ketpahty @naughtybrattt @gmwagmieth @safemoon don't you even know that contracts cannot be fixed once deployed? if devs really wanted to rugpull from the beginning, they must be waiting for a perfect timing.",False,0,1
2021-11-14 06:19:29+00:00,"LevX | Kim, Half-Rick",@ketpahty @naughtybrattt @gmwagmieth @safemoon you don't really know how to read solidity code,False,0,2
2021-11-14 06:26:37+00:00,"LevX | Kim, Half-Rick","The only thing @gmwagmieth can say about this issue is, ""we(or I) won't do that"". Okay, I'll trust you! Whoever you are!

Not a single team member info is visible in the website, not even any anon member. This reminds me of 2017 in many ways.

ğŸ‘‰ https://t.co/FEUJqDRTcP https://t.co/UqERUmcDDf",False,36,127
2021-11-14 06:32:52+00:00,"LevX | Kim, Half-Rick",@GentlemanBSC @gmwagmieth I'm posting this for the benefit of @gmwagmieth holders. They deserve to know what they're buying.,False,2,12
2021-11-14 06:37:11+00:00,"LevX | Kim, Half-Rick",@FeroxQNT Use your first account,False,0,2
2021-11-14 06:47:39+00:00,"LevX | Kim, Half-Rick",@vector_btc @gmwagmieth Which ones are they?,False,0,1
2021-11-14 06:55:47+00:00,"LevX | Kim, Half-Rick",@gmwagmieth @welovegm https://t.co/WWTnosHwpo,False,1,3
2021-11-14 06:59:26+00:00,"LevX | Kim, Half-Rick","@gmwagmieth Owner needs to be changed to a governance-led contract from an EOA that is under your control. This is the core issue you would need to respond.

https://t.co/WWTnosHwpo",False,33,95
2021-11-14 07:01:19+00:00,"LevX | Kim, Half-Rick",RT @LevxApp: @gmwagmieth Owner needs to be changed to a governance-led contract from an EOA that is under your control. This is the core isâ€¦,False,33,0
2021-11-14 07:41:02+00:00,LevX DAO,Wubba Lubba Dub Dub https://t.co/QKpEVeuV2w,False,31,108
2021-11-14 12:04:42+00:00,"LevX | Kim, Half-Rick","RT @club721official: Club721 10th Episode 
Levx DAO x Club721 
Date: 11/15 11PM (UTC+8)
â€”â€”â€”â€”â€”â€”â€”â€”â€” 
Whatâ€™s the legend? He is the legendary.â€¦",False,47,0
2021-11-14 12:17:22+00:00,"LevX | Kim, Half-Rick",RT @LevXDAOhGeez: Wubba Lubba Dub Dub https://t.co/QKpEVeuV2w,False,31,0
2021-11-14 15:11:09+00:00,"LevX | Kim, Half-Rick",ğŸŒgrand plans: https://t.co/tDyVF9hvtT,False,110,250
2021-11-14 16:13:03+00:00,"LevX | Kim, Half-Rick",@DAFA_BETS This isn't a vision but my pipe dream,False,1,9
2021-11-14 17:59:43+00:00,LevX DAO,Join me in my Space! Existence is pain! https://t.co/QKpEVeuV2w,False,15,48
2021-11-15 00:54:31+00:00,"LevX | Kim, Half-Rick","@ScruFFuR @gmwagmieth @safemoon Are you talking to me? I'm not involved in @welovegm. Only thing I did was write shoyu contracts that they used.
If you want to raise issues, please provide clear evidence. At least I didn't receive any $gm token.",False,0,5
2021-11-15 00:55:55+00:00,"LevX | Kim, Half-Rick",@funominalle @gmwagmieth What do you want to say,False,0,3
2021-11-15 01:23:00+00:00,"LevX | Kim, Half-Rick",@tradinbenjamins @ScruFFuR @gmwagmieth @safemoon @welovegm Shoyu contracts are public and anyone can use it. It's not gm contract.,False,0,3
2021-11-15 02:06:13+00:00,"LevX | Kim, Half-Rick",@ScruFFuR @CoolCatzCoin @gmwagmieth @safemoon @welovegm What's my account among them?,False,0,0
2021-11-15 02:07:53+00:00,"LevX | Kim, Half-Rick","@ScruFFuR @tradinbenjamins @gmwagmieth @safemoon @welovegm If they don't read it then they're put in danger, not me",False,0,1
2021-11-15 02:21:12+00:00,"LevX | Kim, Half-Rick",@connormillin @ScruFFuR @ugliestduck @gmwagmieth The fact that dev is not anon doesn't guarantee that he'll not rugpull at all.,False,0,1
2021-11-15 02:28:25+00:00,"LevX | Kim, Half-Rick","What I observed today was that they don't care about the odds to be rugpulled only if they can make easy money in a short time.
I tried to help them by informing attack vector but no one seems to listen to it carefully. I have no reason to spend my time &amp; energy for these morons.",False,56,188
2021-11-15 14:54:38+00:00,LevX DAO,https://t.co/JPTAWEHpWU,False,42,113
2021-11-15 15:01:33+00:00,"LevX | Kim, Half-Rick","Join here now:
https://t.co/akE5e4je3s https://t.co/GoYwVSK8tk",False,44,112
2021-11-15 22:19:23+00:00,"LevX | Kim, Half-Rick","@cryptobananda @zachxbt @SushiSwap @0xMaki @josephdelong Last time I sold all my $SUSHI, the price went down $0.01 and next day I bought 100k it moved up $0.01 again.",False,0,1
2021-11-15 22:20:37+00:00,"LevX | Kim, Half-Rick","@cryptobananda @1Jc3ChWHTKFjuEi @OhGeez007 @steeve_weena @Sushibtoken @DEXToolsApp @SHOYU_NFT @SushiSwap @josephdelong @0x_intern @0xMaki I left 5 months ago, not this month ğŸ˜…",False,1,1
2021-11-16 01:01:51+00:00,"LevX | Kim, Half-Rick","RT @Sushibtoken: xSUSHIB claimable here!
https://t.co/t1oiaW7qFF",False,34,0
2021-11-16 14:04:58+00:00,"LevX | Kim, Half-Rick","RT @SharkpunksNFT: â„•ğ”¼ğ• ğ•Šâ„ğ”¸â„ğ•‚â„™ğ•Œâ„•ğ•‚ğ•Š ğ”»ğ•€ğ•Šâ„‚ğ•†â„ğ”»
https://t.co/GYVnewnetU",False,14,0
2021-11-16 18:03:30+00:00,"LevX | Kim, Half-Rick",RT @maid_coin: Completely renovated UI for Maid Cafe is here. You can see your maids &amp; nurses in the cafe interacting with others! (possiblâ€¦,False,14,0
2021-11-16 19:05:40+00:00,"LevX | Kim, Half-Rick","RT @Trudahamzik: Notes from @club721official AMA with @LevXDAOhGeez:

- What is @LevxApp currently up to â‰ï¸
- @SHOYU_NFT facts and featuresâ€¦",False,18,0
2021-11-16 21:34:19+00:00,"LevX | Kim, Half-Rick","@Cooopahtroopa Because it can't be forked

https://t.co/7Cm4IYQlKp",False,2,7
2021-11-16 23:29:27+00:00,"LevX | Kim, Half-Rick","ğˆğ§ğ¢ğ­ğ¢ğšğ¥ ğğšğ²ğ¨ğ®ğ­ ğŸğ¨ğ« $ğ‹ğ„ğ•ğ— ğ¡ğ¨ğ¥ğğğ«ğ¬
Celebrating @SHOYU_NFT launch of tonight, 33.3% of my shoyu grant so far, 2769 SUSHI will be distributed for $LEVX holders in 2 to 5 days.",False,60,233
2021-11-17 00:56:32+00:00,"LevX | Kim, Half-Rick","If you're holding LEVX at the distribution moment, which no one else would know except me, can get reward. You got what to do now?",False,28,113
2021-11-17 01:33:08+00:00,"LevX | Kim, Half-Rick",@leifengcrypto 35k total in 1 year,False,1,6
2021-11-17 02:46:33+00:00,"LevX | Kim, Half-Rick","It's time to go back to the mindset I started with. I was neglect to spread useless words these days. So,

$LEVX to #ZERO https://t.co/AjXd59ic5g",False,43,116
2021-11-17 02:54:48+00:00,"LevX | Kim, Half-Rick",I meant to sell $LEVX to give opportunities to poorer Mortys. #LEVX_TO_ZERO,False,25,102
2021-11-17 03:00:36+00:00,LevX DAO,Just f*cking subscribe it https://t.co/KzlgJcBiLC,False,23,70
2021-11-17 04:35:17+00:00,"LevX | Kim, Half-Rick",It seems to be a @bearfi_org season,False,33,110
2021-11-17 05:09:44+00:00,LevX DAO,Become a value investooooor!! https://t.co/OisPoYXGUQ,False,50,104
2021-11-17 05:15:11+00:00,"LevX | Kim, Half-Rick",This is mine: https://t.co/S6TMPnHr7W https://t.co/S5rGjl8BgH,False,45,158
2021-11-17 05:21:28+00:00,"LevX | Kim, Half-Rick",@MaddogLink That's the beauty of this ape.,False,1,4
2021-11-17 05:57:26+00:00,"LevX | Kim, Half-Rick",@DeFiGod1 You must be poor to ask like that https://t.co/4wEU2NQitD,False,2,59
2021-11-17 13:44:43+00:00,"LevX | Kim, Half-Rick","RT @maid_coin: Showcasing a demo of Maidverse's upcoming CCG(Collectible Card Game), inspired by MaidMaster and @AxieInfinity. It'll be relâ€¦",False,31,0
2021-11-17 16:26:47+00:00,"LevX | Kim, Half-Rick",L=SSSMMB,False,27,117
2021-11-17 16:29:54+00:00,"LevX | Kim, Half-Rick",The first one who explains this meaning well gets 0.1 $LEVX https://t.co/1Cbob9r7s1,False,42,163
2021-11-17 16:41:44+00:00,"LevX | Kim, Half-Rick",@GkdenizDASDEMR1 What's your address,False,0,8
2021-11-17 16:56:31+00:00,"LevX | Kim, Half-Rick",@soycriptonauta @GkdenizDASDEMR1 okay give me your address,False,0,1
2021-11-17 17:06:18+00:00,"LevX | Kim, Half-Rick",@soycriptonauta @GkdenizDASDEMR1 https://t.co/M27xWyDDZh,False,0,2
2021-11-17 17:20:36+00:00,"LevX | Kim, Half-Rick",ÅŒh https://t.co/1a6lxwvncQ,False,38,147
2021-11-17 18:24:33+00:00,"LevX | Kim, Half-Rick",Is this true true? https://t.co/nsozazwobg,False,58,205
2021-11-17 18:41:51+00:00,"LevX | Kim, Half-Rick",@ShilliconJelly I love you too,False,0,3
2021-11-17 20:18:10+00:00,"LevX | Kim, Half-Rick","This was done by @0xMasayoshi @fEJKgg @AyokiRoll @MatthewLilley @artoninternet @TheGreatHB_ mainly. Oh, of course I wrote the contracts. https://t.co/7YZ7PU5KfM",False,96,290
2021-11-17 22:08:07+00:00,"LevX | Kim, Half-Rick",@BanklessHQ The dicktator's human slaughter stadium only for 100 ETH! â˜ï¸ 1-800-DICK,False,1,8
2021-11-18 04:33:30+00:00,"LevX | Kim, Half-Rick","Finally, in 2 days, 30k $LEVX will be distributed in a user friendly UI. It will look similar to https://t.co/bySR7v54Yk, my previous work. https://t.co/RJhAbrjl7e",False,387,699
2021-11-18 14:25:53+00:00,"LevX | Kim, Half-Rick","#NewProfilePic Kim, Half-Rick https://t.co/TjfaMSv1jG",False,84,240
2021-11-18 21:29:56+00:00,"LevX | Kim, Half-Rick","The FIRST sale of @SHOYU_NFT happened just now:
https://t.co/lr1JkRNp1g",False,44,164
2021-11-18 23:15:01+00:00,"LevX | Kim, Half-Rick",@BlockLettuce @SHOYU_NFT Yes on it,False,0,5
2021-11-18 23:15:45+00:00,"LevX | Kim, Half-Rick","Dogs &amp; cats are LOVE, right?",False,41,152
2021-11-18 23:18:12+00:00,"LevX | Kim, Half-Rick",It must be boring.. https://t.co/QFnIVctAVk,False,48,134
2021-11-18 23:22:55+00:00,LevX DAO,"Appreciate @SharkpunksNFT &amp; @maid_coin artworks in this metaverse gallery (not shoyu).

ğŸ‘‡
https://t.co/XSKaG3ZC2z",False,19,57
2021-11-19 17:18:35+00:00,LevX DAO,"Citadel Morning News #4:

- $LEVX token launches ğŸš€
- What is $LOVE ? â™¥
- @maid_coin major re-branding ğŸ‘©â€ğŸ”§

.. and more ğŸ‘‡

Subscribe to the newsletter for weekly updates

Read now - https://t.co/lu43b8W9Cf https://t.co/8lVEEcK6vM",False,62,142
2021-11-19 18:29:59+00:00,"LevX | Kim, Half-Rick","RT @LevXDAOhGeez: Citadel Morning News #4:

- $LEVX token launches ğŸš€
- What is $LOVE ? â™¥
- @maid_coin major re-branding ğŸ‘©â€ğŸ”§

.. and more ğŸ‘‡â€¦",False,62,0
2021-11-19 18:38:50+00:00,"LevX | Kim, Half-Rick","You are too boringğŸ¥± You.. yes, you!",False,30,136
2021-11-20 01:28:57+00:00,"LevX | Kim, Half-Rick",@0xKakumei Agreed,False,0,6
2021-11-20 02:01:15+00:00,"LevX | Kim, Half-Rick",@0xKakumei It doesn't have to be live streamed but a summarized 30 min video would be enough,False,2,9
2021-11-20 03:03:56+00:00,"LevX | Kim, Half-Rick","RT @maid_coin: Weâ€™re changing everything, so we move forward to @maidverse https://t.co/16BHqOdc3w",False,11,0
2021-11-20 03:34:50+00:00,"LevX | Kim, Half-Rick","RT @maidverse: Masters, this is the new look&amp;feel of the Maid Cafe! Girlâ˜•â¤ https://t.co/hczCg1RLSt",False,28,0
2021-11-20 05:26:46+00:00,"LevX | Kim, Half-Rick","When Iâ€™m done, half of humanity will still be alive.",False,42,140
2021-11-20 12:02:35+00:00,"LevX | Kim, Half-Rick","OH-GEEZ to LEVX LP Migratoooooor:
https://t.co/FnBnjFUIYO",False,37,120
2021-11-20 14:17:40+00:00,"LevX | Kim, Half-Rick","Don't use this shitty UI, use etherscan instead

https://t.co/GOyAC4XR6R",False,43,126
2021-11-20 14:29:03+00:00,"LevX | Kim, Half-Rick",@OhGeez007 @LevXDAOhGeez Chew it,False,1,12
2021-11-20 21:12:03+00:00,"LevX | Kim, Half-Rick","RT @Cooopahtroopa: Live your life changing the lives of others.

The more you give, the more you get.",False,45,0
2021-11-20 21:20:43+00:00,"LevX | Kim, Half-Rick","Drop your NFTs here.
I'll give 0.333 LEVX to the best one. https://t.co/EUIpK3raCS",False,51,152
2021-11-20 21:27:00+00:00,"LevX | Kim, Half-Rick",@SemyonWilliams1 @SHOYU_NFT I'm taking 6 hours on shoyu and 1 minute on tweeting this.,False,0,11
2021-11-21 04:30:36+00:00,"LevX | Kim, Half-Rick",@GkdenizDASDEMR1 This is sick. Opensea link?,False,1,6
2021-11-21 08:17:35+00:00,LevX DAO,https://t.co/uSaOgah0YD,True,18,52
2021-11-21 17:18:55+00:00,"LevX | Kim, Half-Rick",@GkdenizDASDEMR1 Are you the artist or a collector?,False,0,2
2021-11-21 17:20:29+00:00,"LevX | Kim, Half-Rick",This shitty show starts again in 40 mins. I can never finish them. https://t.co/Q6LFVyULUK,False,26,65
2021-11-21 17:58:43+00:00,LevX DAO,Join me in my Space! There is too much room in this space! https://t.co/uSaOgah0YD,False,7,29
2021-11-21 23:26:31+00:00,"LevX | Kim, Half-Rick","""Rickstene Chapel"" by @lazulii_rain https://t.co/8DKW5r0T30",False,22,80
2021-11-21 23:38:40+00:00,"LevX | Kim, Half-Rick","BatchERC20Sendoooooor contract for sending 1 $LEVX each to top 10 $LEVX LPers

https://t.co/b1u0kaQHM1",False,18,62
2021-11-21 23:45:49+00:00,"LevX | Kim, Half-Rick","I spent $174 to send only 10 $LEVX ğŸ˜©

https://t.co/igndPa4sk8",False,24,103
2021-11-22 02:47:26+00:00,"LevX | Kim, Half-Rick","I wasn't ranting. I just told you the current situation, which will change after eth 2.0. 
@LevXDAOhGeez will never leave @ethereum. We need evm nodes, not evm-compatible ones. https://t.co/pgRCIHyxqG",False,25,81
2021-11-22 02:54:02+00:00,"LevX | Kim, Half-Rick","Time-limited chance to join 2nd squad of 'I Do as the Dictator Guides'! (72 hours â°)

1. RT+Like this
2. Follow all:
@LevXDAOhGeez 
@SharkpunksNFT 
@maidverse
3. Tag 3 friends who follow you
4. Wait for further instructions

ğŸ’How to get my discord ID: https://t.co/DBSKSnrRlC",False,301,392
2021-11-22 03:23:01+00:00,"LevX | Kim, Half-Rick",@r_ross_campbell Dic-teituhr-ship,False,4,10
2021-11-22 03:23:33+00:00,LevX DAO,"RT @LevxApp: Time-limited chance to join 2nd squad of 'I Do as the Dictator Guides'! (72 hours â°)

1. RT+Like this
2. Follow all:
@LevXDAOhâ€¦",False,301,0
2021-11-22 04:16:52+00:00,"LevX | Kim, Half-Rick","RT @maidverse: ğ——ğ—”ğ—¢ğ—¶ğ˜‡ğ—®ğ˜ğ—¶ğ—¼ğ—»
We're shifting ourselves into an open DAO with its native currency as $MAID and governance token as $MASTER.

1.â€¦",False,21,0
2021-11-22 04:44:04+00:00,"LevX | Kim, Half-Rick","Discord where you can get the role:
https://t.co/oIsj6mJxTO",False,11,39
2021-11-22 07:02:59+00:00,"LevX | Kim, Half-Rick",@larkian í•œêµ­ì–´?!?,False,1,6
2021-11-22 07:47:29+00:00,"LevX | Kim, Half-Rick","RT @maidverse: How to get 'Waifufu' role in discordğŸ˜˜

1. Follow @maidverse 
2. RT+Like this
3. Leave your numeric discord id as a reply
4.â€¦",False,237,0
2021-11-22 07:47:32+00:00,"LevX | Kim, Half-Rick",@maidverse 682188939318263814,False,1,10
2021-11-22 09:28:42+00:00,"LevX | Kim, Half-Rick",This week I'll give 1 LEVX each to top 15 LEVX LPoooooors.,False,40,124
2021-11-22 09:29:22+00:00,"LevX | Kim, Half-Rick","To add liquidity:
https://t.co/4H3K56bofd",False,15,56
2021-11-22 11:31:01+00:00,"LevX | Kim, Half-Rick",@larkian ì˜¤ ìœ  ì›” ì½”ì±™,False,0,1
2021-11-22 12:12:29+00:00,"LevX | Kim, Half-Rick","It's just that @SHOYU_NFT got its first foot in the door. It'll flip trading volume of others in 3 months with 1. Referral Engine, 2. Social Tokens, 3. Fractionalization.

You don't have to trust me, btw.",False,54,217
2021-11-22 12:26:27+00:00,"LevX | Kim, Half-Rick",@vadbka Not yet but OH-GEEZ is already there so why not LEVX,False,0,1
2021-11-23 10:06:10+00:00,LevX DAO,"RT @Trudahamzik: Notes from The @LevxApp Show #5:

- @Sushibtoken &amp; @MunchkinLFG merging into $LOVE ğŸˆğŸ•
- 1000 $SUSHI bounty to anyone who pâ€¦",False,13,0
2021-11-23 11:51:54+00:00,"LevX | Kim, Half-Rick",@r_ross_campbell Oh.. that's me!,False,2,10
2021-11-23 12:22:50+00:00,"LevX | Kim, Half-Rick",@Mudit__Gupta Maybe you never have heard of these guys but I recommend @haechi_audit,False,2,5
2021-11-23 12:25:46+00:00,"LevX | Kim, Half-Rick",I'm posting this just because I'm pressured to shitpost every day. I don't even know what this meme means. https://t.co/94Rhwfg7Ap,False,27,92
2021-11-23 15:44:28+00:00,"LevX | Kim, Half-Rick","@GkdenizDASDEMR1 Yes, what's your ethereum address?",False,1,1
2021-11-23 15:45:02+00:00,"LevX | Kim, Half-Rick","RT @SharkpunksNFT: ğŸ¤©ğŸ¦ˆğŸš
From now on, your sharks start to get old #OH_GEEZ
(You can revive him even after he dies)

ğŸ‘‰ Check shark #0 for exaâ€¦",False,23,0
2021-11-23 15:56:33+00:00,"LevX | Kim, Half-Rick",@GkdenizDASDEMR1 https://t.co/om8375z5ii,False,1,2
2021-11-23 16:56:47+00:00,"LevX | Kim, Half-Rick","@0x0ri0n @SHOYU_NFT Sure, eyes + arms + body + legs, etc. It'll be horrible.",False,1,7
2021-11-24 02:37:46+00:00,"LevX | Kim, Half-Rick","RT @maidverse: Finally, @maidverse will be listed on @SHOYU_NFT as one of 10 artists of 2nd week. For 6 weeks, total 30 Maid NFTs will be mâ€¦",False,58,0
2021-11-24 02:38:06+00:00,LevX DAO,"RT @maidverse: Finally, @maidverse will be listed on @SHOYU_NFT as one of 10 artists of 2nd week. For 6 weeks, total 30 Maid NFTs will be mâ€¦",False,58,0
2021-11-24 04:25:43+00:00,"LevX | Kim, Half-Rick",Follow @maidverse,False,26,86
2021-11-24 07:03:51+00:00,"LevX | Kim, Half-Rick",ğŸŒ,False,19,104
2021-11-24 10:20:09+00:00,"LevX | Kim, Half-Rick",RT @maidverse: ğŸ¥°ğŸ˜ğŸ¤© https://t.co/7pOQo1tkKH,False,19,0
2021-11-24 11:20:46+00:00,"LevX | Kim, Half-Rick",Today's shitpost: I have warts in my left  foot and they'll soon explode.,False,25,80
2021-11-24 11:23:05+00:00,"LevX | Kim, Half-Rick",I'll upload super closely taken pictures to make nfts once it gets exploded.,False,10,51
2021-11-24 18:56:31+00:00,"LevX | Kim, Half-Rick",@Sushi_simps Cool idea,False,0,1
2021-11-24 18:56:44+00:00,"LevX | Kim, Half-Rick",@millerefecte Yes please,False,0,2
2021-11-24 18:57:03+00:00,"LevX | Kim, Half-Rick",@adeniyi_momoh What do you want me to send to this address? My wart photo?,False,0,0
2021-11-25 02:29:43+00:00,LevX DAO,@Friendswithyou Hello fren! Letâ€™s connect,False,2,17
2021-11-25 08:41:27+00:00,"LevX | Kim, Half-Rick","RT @SHOYU_NFT: Meet the team behind the ShÅyu metaverse!

Ask anything to:
Visual Designers @studiotendril
Sound Design Team @cypheraudio
Wâ€¦",False,51,0
2021-11-25 08:47:02+00:00,"LevX | Kim, Half-Rick","I believe SushiSwap would have never been what it is now without @0xMaki.

Even though @NomiChef did all tech stuffs in the beginning, Maki brought liquidity, quality partnerships and best talents which were essential, imo.

I respect him in a lot sense. He's the true legend. https://t.co/nE7Nd82R7p",False,33,134
2021-11-25 08:51:40+00:00,"LevX | Kim, Half-Rick",@cryptogem39 @0xMaki @NomiChef wen Maki let me do it,False,0,9
2021-11-25 12:12:17+00:00,"LevX | Kim, Half-Rick",RT @maidverse: https://t.co/kRySPOrj1n,False,14,0
2021-11-25 15:00:18+00:00,"LevX | Kim, Half-Rick","RT @maidverse: Maid NFT Auctions on @SHOYU_NFT starts now!

ğŸ’– Auction Type: English Auction
ğŸ’– Initial Price: 2.0 ETH
ğŸ’– Duration: 7 days

(Aâ€¦",False,21,0
2021-11-26 03:11:52+00:00,"LevX | Kim, Half-Rick",RT @SHOYU_NFT: Meet the team behind our metaverse!!  https://t.co/pYlOh37Aa3,False,25,0
2021-11-26 04:48:25+00:00,"LevX | Kim, Half-Rick","RT @SushiSwap: Sushi core developer, @LevxApp, reveals what's on the horizon for $Sushi holders with upcoming Mirin, AMM V3, &amp; Shoyu, NFT Pâ€¦",False,32,0
2021-11-26 05:22:11+00:00,LevX DAO,"RT @maidverse: Maid NFT Auctions on @SHOYU_NFT starts now!

ğŸ’– Auction Type: English Auction
ğŸ’– Initial Price: 2.0 ETH
ğŸ’– Duration: 7 days

(Aâ€¦",False,21,0
2021-11-26 05:45:53+00:00,LevX DAO,#NewProfilePic https://t.co/O1GXKjvUbe,False,28,78
2021-11-26 05:49:35+00:00,LevX DAO,Beautiful scissors and paste by our genius meme creatoooooor @BloobedAtYou https://t.co/3GhyrPojh9,False,28,75
2021-11-26 05:50:16+00:00,"LevX | Kim, Half-Rick",RT @LevXDAOhGeez: Beautiful scissors and paste by our genius meme creatoooooor @BloobedAtYou https://t.co/3GhyrPojh9,False,28,0
2021-11-26 11:33:30+00:00,LevX DAO,"Citadel Morning News #5:

- $LEVX airdrop incoming ğŸª‚
- @maidverse auctions on @SHOYU_NFT ğŸ‘©â€ğŸ¨
- Upcoming @SharkpunksNFT PvP arena âš”

.. and more ğŸ‘‡

Subscribe to the newsletter for weekly ecosystem updates

Read now - https://t.co/XdXlwxNoi2 https://t.co/FxjL7q47ng",True,54,116
2021-11-26 11:35:04+00:00,"LevX | Kim, Half-Rick","RT @LevXDAOhGeez: Citadel Morning News #5:

- $LEVX airdrop incoming ğŸª‚
- @maidverse auctions on @SHOYU_NFT ğŸ‘©â€ğŸ¨
- Upcoming @SharkpunksNFT Pvâ€¦",True,54,0
2021-11-26 12:31:20+00:00,"LevX | Kim, Half-Rick",What do you value more?,False,16,49
2021-11-26 13:10:25+00:00,"LevX | Kim, Half-Rick",@W_W_Kailash You seem to be good at spreading fake news. So you value 'Being Fake' more.,False,0,4
2021-11-26 13:32:24+00:00,"LevX | Kim, Half-Rick","@W_W_Kailash Okay give me the proof about oh-geez, levx and sushi airdrop",False,0,1
2021-11-26 14:06:55+00:00,"LevX | Kim, Half-Rick","@W_W_Kailash You were right. Everything was pushed back for the last 2 weeks. My apology for calling you a 'fake news spreador'. But I will keep all of my promises, just to let you know.",False,0,1
2021-11-26 14:08:49+00:00,"LevX | Kim, Half-Rick","@W_W_Kailash If you felt disrespected of the delay, please wait for only a few days. I'm working 14 hours per day but this isn't enough for delivering things in time.",False,0,2
2021-11-26 20:15:16+00:00,"LevX | Kim, Half-Rick","RT @JuWizd: The Warmup Puzzle will be dropped 26 Nov 11 pm EST. 

I will publish here the conditions and whoever solves first and writes thâ€¦",False,15,0
2021-11-26 22:33:54+00:00,"LevX | Kim, Half-Rick",Ask @SHOYU_NFT artists anythiiiiiiiiiiiiiiiiiing in 3 hours ğŸ˜ https://t.co/QPRjPhs6se,False,21,63
2021-11-26 22:41:33+00:00,"LevX | Kim, Half-Rick",@Huxley266 @SharkpunksNFT I made an offer,False,0,11
2021-11-26 22:42:02+00:00,"LevX | Kim, Half-Rick","RT @asksamurais: ğŸ£ğŸš¨ Weekly SushiBar recap ğŸš¨ğŸ£

This week, around 334,850 $SUSHI have been served directly to xSUSHI holders!

At current priâ€¦",False,14,0
2021-11-27 07:51:50+00:00,"LevX | Kim, Half-Rick",@Huxley266 @SharkpunksNFT And I have #0 and #333 now,False,0,0
2021-11-27 07:59:20+00:00,"LevX | Kim, Half-Rick",@Huxley266 @SharkpunksNFT Go ahead. But the price is 6969 ETH.,False,0,0
2021-11-27 08:45:36+00:00,LevX DAO,"Next warm up puzzle will be much more difficult than this ğŸ˜
https://t.co/IjklDG3dkG",False,10,36
2021-11-27 09:27:26+00:00,LevX DAO,"Starting tomorrow (18:00 UTC), we'll be holding a Stand Up style meeting (~30 mins) in Human Eating Livestream VC https://t.co/sOGuRp6T5I to discuss ideas and brainstorm around Sharkpunks. Participate in shaping giveaways, roadmap, events, utility, and distribution. Alpha ğŸš¨",False,24,50
2021-11-27 17:53:30+00:00,"LevX | Kim, Half-Rick",RT @LevXDAOhGeez: #NewProfilePic https://t.co/O1GXKjvUbe,False,28,0
2021-11-27 19:02:49+00:00,"LevX | Kim, Half-Rick",@BazwelderEth @maidverse @maidverse team will send you an nft directly,False,0,2
2021-11-27 19:22:28+00:00,"LevX | Kim, Half-Rick","This Ape Jiro is growing on me..

https://t.co/ElEzOn6B2I https://t.co/pCSh4UKgH3",False,19,79
2021-11-27 19:23:31+00:00,"LevX | Kim, Half-Rick",@BazwelderEth @maidverse I'll let them contact you,False,0,1
2021-11-28 06:14:01+00:00,LevX DAO,"Join hostâ€™s @0x0ri0n and @testnettester with guest @nebuladao for the most valuable pointless podcast to date.
 https://t.co/tJDtq1AONP",False,19,84
2021-11-28 10:49:12+00:00,"LevX | Kim, Half-Rick","If you're interested in $LEVX distribution, join this final check discussion chat in 3 hours.

https://t.co/lRVIo3miaT",True,27,68
2021-11-28 15:33:49+00:00,"LevX | Kim, Half-Rick",!join https://t.co/HC1J6BLjY4,False,17,58
2021-11-28 16:41:44+00:00,LevX DAO,"Notes from @LevxApp token distribution discussion:

- Public Distribution Model ğŸ’°
- Limited token claim period â³

.. and more ğŸ‘‡ https://t.co/PI3LIjV5fs",False,56,117
2021-11-28 18:01:03+00:00,LevX DAO,Join me in my Space! #Airdrops #NFTs https://t.co/tJDtq1AONP,False,7,24
2021-11-28 21:18:11+00:00,"LevX | Kim, Half-Rick","RT @JuWizd: Before the main Puzzle, we will have the second warm up. Coming this week. The next announcement will be in @SharkpunksNFT Discâ€¦",False,9,0
2021-11-29 01:41:13+00:00,"LevX | Kim, Half-Rick","ğ’ğğğğ’ğğ‘ğ’ğ‡ğˆğ ğ–ğ€ğğ“ğ„ğƒ ğŸ“¢
@LevXDAOhGeez is looking for a sponsor who'd like to put their logo in the center of this 3d shirt NFT for 470 Mortys(OGs) of the DAO. https://t.co/017kFu73OR",True,53,98
2021-11-29 01:41:14+00:00,"LevX | Kim, Half-Rick","Sponsorship Terms
- Price: 100 $LEVX or 10 ETH
- Duration: 6 months
- Unique VIP role in discord
- Considered first as the next sponsor

If you're interested, DM in twitter or @levxio in telegram.",False,12,31
2021-11-29 01:41:14+00:00,"LevX | Kim, Half-Rick","470 NFTs with unique numbers will be used for identifying them, which means whoever has this NFT is one of OGs of the DAO (if it's sold). These NFTs will be traded in @opensea, @SHOYU_NFT or passed down from generation to generation.",False,12,32
2021-11-29 01:41:14+00:00,"LevX | Kim, Half-Rick","Mortys are OGs of LevXDAO. They are and will forever be the key members of the DAO so perks will be provided periodically.
- More LEVX token in 3k distribution
- 1 Schemeckle(SHM) token each
- 10%-30% discount in projects under the DAO's umbrella
- and more...",False,5,16
2021-11-29 01:59:59+00:00,"LevX | Kim, Half-Rick","@BloobedAtYou @LevXDAOhGeez Sleeve sponsorship is welcomed as well
33.3 LEVX",False,2,11
2021-11-29 02:01:26+00:00,LevX DAO,"RT @LevxApp: ğ’ğğğğ’ğğ‘ğ’ğ‡ğˆğ ğ–ğ€ğğ“ğ„ğƒ ğŸ“¢
@LevXDAOhGeez is looking for a sponsor who'd like to put their logo in the center of this 3d shirt NFT foâ€¦",True,53,0
2021-11-29 02:19:17+00:00,"LevX | Kim, Half-Rick",@BloobedAtYou @LevXDAOhGeez Which one?,False,0,2
2021-11-29 04:08:13+00:00,"LevX | Kim, Half-Rick",@BloobedAtYou @LevXDAOhGeez You have my words,False,2,7
2021-11-29 04:19:15+00:00,LevX DAO,https://t.co/2NQpxC1Gr9,False,11,47
2021-11-29 10:44:21+00:00,"LevX | Kim, Half-Rick",RT @dobbythereum: Here is a @DuneAnalytics dashboard for @SharkpunksNFT I just made ğŸ¦ˆğŸ“Šhttps://t.co/jYalWsUJRo,True,7,0
2021-11-29 12:12:51+00:00,LevX DAO,Are you ready for the $LEVX airdrop? https://t.co/V76wt83MMc,False,13,40
